country,age,sex,MDS_x,MDS_y,tsne_x,tsne_y,scluster9,kmeans6
Argentina,15-24 years,female,-2.21433154585444,-3.607514102412379,7.4093566,-34.809685,8,1
Argentina,15-24 years,male,1.3243122155180178,-3.6045479497665474,-33.85594,-6.2730427,8,3
Argentina,25-34 years,female,-2.6945951055891,-3.6108705089617827,8.382995,-35.745922,8,1
Argentina,25-34 years,male,0.5335889665172824,-3.5940429809800762,-34.058903,-7.087693,8,3
Argentina,35-54 years,female,-2.499034648814791,-3.6135620763811835,8.452588,-35.04384,8,1
Argentina,35-54 years,male,0.09526794356786175,-3.584986758629436,-34.905506,-9.598106,8,1
Argentina,5-14 years,female,-3.4209468945125967,-3.6161272871042285,10.110224,-43.260418,8,1
Argentina,5-14 years,male,-3.353156058677042,-3.6122545712316,10.108753,-43.23844,8,1
Argentina,55-74 years,female,-2.3574694957211815,-3.6131619413420717,8.700555,-34.314587,8,1
Argentina,55-74 years,male,1.9169857121493605,-3.6012064079686135,-39.353996,-0.16056271,8,3
Argentina,75+ years,female,-2.418990241668084,-3.6133711540895646,9.351573,-34.03059,8,1
Argentina,75+ years,male,6.604776588958719,-3.6071818727276477,-14.010939,3.375814,8,3
Austria,15-24 years,female,-2.5245141516318492,3.228415919301027,15.777262,2.2018957,6,0
Austria,15-24 years,male,1.3020437598586898,3.248086303241378,30.225525,25.164858,6,0
Austria,25-34 years,female,-2.128737372391136,3.224688784140424,15.657816,2.6196718,6,0
Austria,25-34 years,male,2.288094897838486,3.229334635631966,44.4837,18.488394,6,4
Austria,35-54 years,female,-1.0096341307836938,3.231323078732939,19.489534,12.828398,6,0
Austria,35-54 years,male,4.761685402132151,3.219247087470197,49.147514,15.570127,6,4
Austria,5-14 years,female,-3.530376815042633,3.202837293049885,16.065998,-8.699544,6,0
Austria,5-14 years,male,-3.4485502791002562,3.2043143587909917,15.993007,-8.687447,6,0
Austria,55-74 years,female,-0.09535198579305877,3.2454162297644196,24.959454,20.322187,6,0
Austria,55-74 years,male,7.302269221341572,3.2978843511157208,56.331833,5.1556897,6,4
Austria,75+ years,female,1.9852977362412298,3.232598686755981,44.023994,18.55787,6,0
Austria,75+ years,male,20.97099615472315,3.69478655159094,60.536564,-15.367085,2,2
Belgium,15-24 years,female,-2.2078443700121855,2.7295784431581285,14.539321,2.0240865,6,0
Belgium,15-24 years,male,1.1082203404259423,2.7422410700215263,29.07163,24.658802,6,0
Belgium,25-34 years,female,-1.4158459076139827,2.737898871500999,18.028994,11.603623,6,0
Belgium,25-34 years,male,4.285981916533736,2.730991422204986,48.531757,15.895924,6,4
Belgium,35-54 years,female,0.6701515901951127,2.7526327468270995,27.42907,23.14111,6,0
Belgium,35-54 years,male,7.3775143106257355,2.742619318664332,55.191265,6.9474835,6,4
Belgium,5-14 years,female,-3.483461627721277,2.7131076304830737,13.769747,-8.422429,6,0
Belgium,5-14 years,male,-3.3872267811887853,2.7145485373496503,13.682646,-8.465516,6,0
Belgium,55-74 years,female,0.5959343143077835,2.752210094020066,27.407154,23.013437,6,0
Belgium,55-74 years,male,5.897779540445277,2.7650740306472965,54.774227,7.640738,6,4
Belgium,75+ years,female,0.1958175158286471,2.7546619698499732,25.877281,21.781359,6,0
Belgium,75+ years,male,12.64348654948044,2.9550336047171304,58.65816,-1.7829047,4,4
Brazil,15-24 years,female,-2.915733967412639,-4.114232374856308,-1.739992,-44.2956,8,1
Brazil,15-24 years,male,-1.5520738882525271,-4.078492739114441,-33.40529,-26.728542,8,1
Brazil,25-34 years,female,-2.892786337620243,-4.112684367561794,-1.6729393,-43.5837,8,1
Brazil,25-34 years,male,-0.7006365831003513,-4.060607743124529,-33.579952,-12.755906,8,1
Brazil,35-54 years,female,-2.7312585221286207,-4.1081662009746704,-3.0638647,-43.480995,8,1
Brazil,35-54 years,male,-0.4784115521472373,-4.059470021335259,-33.87562,-12.312985,8,1
Brazil,5-14 years,female,-3.4500666209368265,-4.12482855980162,3.7115932,-48.033627,8,1
Brazil,5-14 years,male,-3.4350768236869276,-4.12429182950426,3.6989741,-48.035168,8,1
Brazil,55-74 years,female,-2.796598140349673,-4.109579183711106,-2.3743677,-43.201538,8,1
Brazil,55-74 years,male,-0.11225557567968823,-4.057347818532534,-34.35676,-11.506722,8,1
Brazil,75+ years,female,-2.8330917198416183,-4.11173618709901,-2.6285841,-44.40853,8,1
Brazil,75+ years,male,1.7759928352125978,-4.048479477479,-40.34086,-0.6581555,8,3
Chile,15-24 years,female,-2.1904292062812907,-3.6584886755967814,-0.2292887,-34.6333,8,1
Chile,15-24 years,male,1.4531695934315085,-3.617052592091987,-33.687614,-5.387565,8,3
Chile,25-34 years,female,-2.3075226406803475,-3.658354948684173,0.053013027,-35.234608,8,1
Chile,25-34 years,male,2.764214892732886,-3.6013505191345905,-32.276535,-1.1359589,8,3
Chile,35-54 years,female,-2.1868637470328744,-3.652196262580093,0.5013088,-34.681858,8,1
Chile,35-54 years,male,2.9110632550094255,-3.6001343715296867,-31.851282,-1.0164355,8,3
Chile,5-14 years,female,-3.3518418042510785,-3.668254499464683,6.837323,-45.769726,8,1
Chile,5-14 years,male,-3.2552392239434598,-3.6663415244716147,6.845739,-45.73645,8,1
Chile,55-74 years,female,-2.5654948430894646,-3.6559405168053583,-0.14998826,-36.670643,8,1
Chile,55-74 years,male,3.347077068553386,-3.5742563705206103,-31.969683,-0.33069375,8,3
Chile,75+ years,female,-2.77590001891471,-3.6559242568305486,-0.2257242,-37.353184,8,1
Chile,75+ years,male,6.117442252861137,-3.677367990052802,-13.690245,0.19500384,8,3
Colombia,15-24 years,female,-2.13370214263861,-4.717526153637714,-9.585221,-53.03964,8,1
Colombia,15-24 years,male,-0.26583039872126457,-4.70357002446846,-38.481533,-18.721478,8,1
Colombia,25-34 years,female,-2.851833717932288,-4.720558071408697,-10.233923,-60.383934,8,1
Colombia,25-34 years,male,-0.4891662943431903,-4.708947765029843,-38.259777,-19.246603,8,1
Colombia,35-54 years,female,-3.0914310758750987,-4.720588124179678,-8.92314,-62.21481,8,1
Colombia,35-54 years,male,-1.1264371185786681,-4.701150802157664,-38.73484,-25.899368,8,1
Colombia,5-14 years,female,-3.2641046045814943,-4.7226829246751905,-7.2931347,-63.651417,8,1
Colombia,5-14 years,male,-3.261227576599243,-4.722327504150122,-7.4818063,-63.038918,8,1
Colombia,55-74 years,female,-3.172210604961597,-4.7208478902534425,-8.48574,-62.903374,8,1
Colombia,55-74 years,male,-0.3560551521784302,-4.7034415960003955,-38.930992,-19.126377,8,1
Colombia,75+ years,female,-3.2714130455611423,-4.721347267251718,-7.9779496,-63.9581,8,1
Colombia,75+ years,male,1.1402890012307796,-4.71755264552509,-41.337547,-2.1991937,8,3
Czech Republic,15-24 years,female,-2.7522596596240985,-2.7872042988571595,-3.9541693,-23.36153,8,1
Czech Republic,15-24 years,male,0.7167496190125348,-2.748971939613461,-38.054504,-9.747014,8,3
Czech Republic,25-34 years,female,-2.5635031227466487,-2.7832549419829657,-4.2738276,-23.440004,8,1
Czech Republic,25-34 years,male,2.552851845739267,-2.711827059183823,-32.641346,0.61781526,8,3
Czech Republic,35-54 years,female,-1.5549862745382481,-2.772928190786062,-22.807924,27.179764,8,1
Czech Republic,35-54 years,male,5.800022305418053,-2.7203359951902004,-12.742352,1.7156678,8,3
Czech Republic,5-14 years,female,-3.467031634577307,-2.804009464227317,-2.43941,-22.983768,8,1
Czech Republic,5-14 years,male,-3.365254503491462,-2.80142607357541,-2.6286287,-23.028381,8,1
Czech Republic,55-74 years,female,-1.2506078347998015,-2.7672348459369727,-22.950768,27.05086,8,1
Czech Republic,55-74 years,male,5.64131593278967,-2.716211824013448,-12.622191,1.284213,8,3
Czech Republic,75+ years,female,0.434994858608629,-2.777820991516148,-38.503155,-9.9038315,8,3
Czech Republic,75+ years,male,14.103756643492613,-2.725628801202038,61.35161,-21.705067,2,2
Ecuador,15-24 years,female,-1.2576578823683995,-4.875516255515321,-40.09091,-26.187567,8,1
Ecuador,15-24 years,male,0.03211284736291162,-4.89775608876622,-42.664406,-22.23213,8,1
Ecuador,25-34 years,female,-2.415771363369811,-4.871878547896352,-10.518022,-54.85963,8,1
Ecuador,25-34 years,male,-0.1617035184939447,-4.898848493340795,-42.57171,-22.548931,8,1
Ecuador,35-54 years,female,-2.882562770536724,-4.879937343408386,-12.276109,-60.176945,8,1
Ecuador,35-54 years,male,-0.8834846305661456,-4.8868763537234985,-40.829895,-24.889853,8,1
Ecuador,5-14 years,female,-3.115309154910116,-4.8790675771929966,-12.79413,-62.174446,8,1
Ecuador,5-14 years,male,-3.077215924036667,-4.880521855518624,-12.8692,-61.773937,8,1
Ecuador,55-74 years,female,-2.9787438343835206,-4.883142567304403,-12.669663,-60.59428,8,1
Ecuador,55-74 years,male,-0.6347562482557305,-4.922867457246553,-41.551044,-24.023132,8,1
Ecuador,75+ years,female,-3.046231771704757,-4.887624865026006,-13.218798,-63.35843,8,1
Ecuador,75+ years,male,0.09910318862656112,-4.9783036158231235,-43.830414,-21.83582,8,1
Finland,15-24 years,female,-1.3920935460945016,3.0781566591899114,19.048277,10.319697,6,0
Finland,15-24 years,male,4.268158978306781,3.0649744878926417,49.2916,16.557312,6,4
Finland,25-34 years,female,-0.7535871168083069,3.081053752330525,20.734112,13.334387,6,0
Finland,25-34 years,male,6.961569332524515,3.1467405687948333,55.66459,4.771805,6,4
Finland,35-54 years,female,0.1144588292133784,3.083462148748648,23.925299,20.068071,6,0
Finland,35-54 years,male,8.378465425190033,3.088651919768209,55.71929,3.1918197,6,4
Finland,5-14 years,female,-3.5084627115580953,3.044869506270774,15.469559,-10.364113,6,0
Finland,5-14 years,male,-3.4078915569215753,3.0474354329985807,15.223619,-10.442536,6,0
Finland,55-74 years,female,-0.22868783384290062,3.079783282849006,24.090008,19.667269,6,0
Finland,55-74 years,male,6.763821604272995,3.1118025624741095,55.276726,5.0456257,6,4
Finland,75+ years,female,-1.6887475689418487,3.075225085849063,17.586205,9.8585615,6,0
Finland,75+ years,male,8.159913002534726,3.133407289928509,56.73569,3.395867,6,4
Germany,15-24 years,female,-2.7829616675478612,2.650317910563516,13.41672,0.29987946,6,0
Germany,15-24 years,male,-0.5997226564945809,2.6712281020205713,17.400259,14.515232,6,0
Germany,25-34 years,female,-2.4792917110630786,2.6554662527815256,13.642874,0.7332282,6,0
Germany,25-34 years,male,0.7732340049941728,2.6752717168157174,27.827673,24.95975,6,0
Germany,35-54 years,female,-1.6166125264784377,2.668116845306481,17.342243,12.059596,6,0
Germany,35-54 years,male,2.6816237253544157,2.673105955958686,45.647472,17.686607,6,4
Germany,5-14 years,female,-3.5695767362477206,2.634034546644868,12.66375,-6.7617393,6,0
Germany,5-14 years,male,-3.5051183365745313,2.634465305535895,12.878336,-6.555057,6,0
Germany,55-74 years,female,-0.8813983790910241,2.672700964049189,17.44456,14.063378,6,0
Germany,55-74 years,male,3.8678395974737847,2.673606372902992,47.661095,16.321482,6,4
Germany,75+ years,female,0.8016158747862802,2.6723362231103636,28.081451,25.336266,6,0
Germany,75+ years,male,12.025788868554653,2.828424570275423,58.723038,-1.7441503,4,4
Greece,15-24 years,female,-3.31738385697996,-1.1003462321282944,-33.728416,38.841873,8,1
Greece,15-24 years,male,-2.5592363893957506,-1.092863233856733,-30.66456,36.610817,8,1
Greece,25-34 years,female,-3.0898583434018745,-1.0991886446531498,-32.353806,38.276157,8,1
Greece,25-34 years,male,-1.785341389105224,-1.081939869783327,-18.915619,30.614418,8,1
Greece,35-54 years,female,-3.074812951975975,-1.099648765070006,-32.65553,37.65041,8,1
Greece,35-54 years,male,-1.3997915613679361,-1.0781457938702115,-18.125729,30.697338,8,1
Greece,5-14 years,female,-3.529132680889379,-1.1014485704379522,-34.241425,39.715508,8,1
Greece,5-14 years,male,-3.5196133349937564,-1.1014722395083933,-34.6071,39.21976,8,1
Greece,55-74 years,female,-3.019766404499317,-1.0978292341934108,-31.697287,37.887592,8,1
Greece,55-74 years,male,-1.1327615570202847,-1.0700260303260278,-17.60168,30.707035,8,1
Greece,75+ years,female,-2.939454179102469,-1.097921662708949,-31.982658,36.81477,8,1
Greece,75+ years,male,-0.028869237047164115,-1.0493210546386693,-11.82775,29.729786,8,1
Guatemala,15-24 years,female,-2.6948835786632053,-5.130119718366324,-18.806684,-61.89725,8,1
Guatemala,15-24 years,male,-1.9061047724399571,-5.128558089585047,-33.67368,-46.11604,8,1
Guatemala,25-34 years,female,-3.1096155279578674,-5.1236124899108635,-19.973701,-63.269077,8,1
Guatemala,25-34 years,male,-1.7459049483926297,-5.110254249977525,-33.80697,-45.13075,8,1
Guatemala,35-54 years,female,-3.2177768197757084,-5.120496310797478,-20.80155,-63.843292,8,1
Guatemala,35-54 years,male,-1.7667863120749416,-5.133844551336858,-34.431095,-45.353786,8,1
Guatemala,5-14 years,female,-3.415049802647486,-5.117191295020632,-22.273533,-64.09408,8,1
Guatemala,5-14 years,male,-3.4377683108275012,-5.118092485002891,-22.49112,-64.57358,8,1
Guatemala,55-74 years,female,-3.3286153465199986,-5.119936569234147,-21.65604,-64.62625,8,1
Guatemala,55-74 years,male,-1.9614804858594934,-5.127223934208288,-34.254955,-46.26256,8,1
Guatemala,75+ years,female,-3.342368425232388,-5.13314704320681,-21.831255,-65.923676,8,1
Guatemala,75+ years,male,-1.629256365541835,-5.152031286905232,-34.338417,-43.87514,8,1
Iceland,15-24 years,female,-2.9311175138164,4.622034794031408,28.92446,-4.6565886,6,0
Iceland,15-24 years,male,2.9818056884981137,5.154677590794267,46.954082,26.954464,6,4
Iceland,25-34 years,female,-1.82593468132783,4.7507866481893295,30.00695,-2.758741,6,0
Iceland,25-34 years,male,4.665339180561561,5.019490697087102,40.26447,29.095964,6,4
Iceland,35-54 years,female,-1.3439665580376063,4.737974006135857,29.7977,-1.2488374,6,0
Iceland,35-54 years,male,2.9016129627735583,4.712749046918442,45.86045,26.794806,6,4
Iceland,5-14 years,female,-3.909131434160486,4.501941113284824,28.22913,-5.9079666,6,0
Iceland,5-14 years,male,-3.743494060505531,4.523345817820094,28.294888,-5.792202,6,0
Iceland,55-74 years,female,-0.7793933848678307,4.8488775026437665,29.726429,-0.29692864,6,0
Iceland,55-74 years,male,3.1563772568479713,4.829578459103493,43.629795,24.410706,6,4
Iceland,75+ years,female,-2.523058452491847,5.069224678233649,31.070824,-3.140312,6,0
Iceland,75+ years,male,4.296746968804778,6.520963574466463,45.071484,27.98544,6,4
Israel,15-24 years,female,-3.047263589909317,0.5787020003335758,1.7224275,56.78048,8,0
Israel,15-24 years,male,-0.9417272218389529,0.5874147609884388,-2.0422564,42.16502,8,0
Israel,25-34 years,female,-2.909878329876714,0.5798635109199926,0.9169009,56.918507,8,0
Israel,25-34 years,male,-0.627426520067606,0.5874308169991715,-1.7324703,41.54248,8,0
Israel,35-54 years,female,-2.7235239435275433,0.5803941091959598,1.0486315,56.064053,8,0
Israel,35-54 years,male,-0.08214752566211218,0.591439526524924,-1.2604554,40.602943,8,0
Israel,5-14 years,female,-3.567466301812428,0.5712531817445698,2.5254147,57.787025,8,0
Israel,5-14 years,male,-3.4868314984953384,0.5731822781469257,2.0382755,57.946934,8,0
Israel,55-74 years,female,-2.375693458719933,0.584557522267588,0.316695,55.68807,8,0
Israel,55-74 years,male,0.4710111901472934,0.5955369709638212,-0.8848859,39.911636,8,0
Israel,75+ years,female,-1.2936085748670199,0.618396698181697,-2.460673,43.072224,8,0
Israel,75+ years,male,4.114445462178883,0.6120815732017184,48.48461,12.507842,6,4
Italy,15-24 years,female,-3.135527792197285,1.2269162341463316,8.9383335,48.153793,8,0
Italy,15-24 years,male,-1.8865717119014997,1.2372470390416104,6.672506,44.741203,8,0
Italy,25-34 years,female,-2.8985715133977696,1.2294515432137534,8.49244,47.48654,8,0
Italy,25-34 years,male,-0.8979239710402392,1.2481001461257852,2.959765,40.846302,8,0
Italy,35-54 years,female,-2.5416861854874457,1.2318451171916949,7.7969995,46.53621,8,0
Italy,35-54 years,male,-0.30233354949582275,1.2528384859843087,2.5893772,40.32119,8,0
Italy,5-14 years,female,-3.5184157740897017,1.2209805052916172,9.236636,49.137905,8,0
Italy,5-14 years,male,-3.487814998639594,1.2216347713334512,9.689551,48.76561,8,0
Italy,55-74 years,female,-2.2120495189654035,1.2342640879754139,7.159369,45.644875,8,0
Italy,55-74 years,male,0.7764865020778933,1.2577935815161139,2.0706453,39.40022,8,0
Italy,75+ years,female,-1.9886464838050402,1.2381300527982,6.356797,45.30302,8,0
Italy,75+ years,male,5.124126860519754,1.2655670134858332,49.40837,12.65101,6,4
Japan,15-24 years,female,-1.4237822469017551,4.2469020409547,30.367346,39.200817,6,0
Japan,15-24 years,male,1.6170946727549687,4.230543000574737,32.86462,38.550743,6,0
Japan,25-34 years,female,0.0674163938434261,4.2370498086827615,31.199638,38.871815,6,0
Japan,25-34 years,male,4.870563237439686,4.079752953120411,42.429512,29.64136,6,4
Japan,35-54 years,female,0.33145815713144805,4.216310059685931,31.616516,38.651356,6,0
Japan,35-54 years,male,8.404495867535964,4.143018967497311,61.97233,3.0273104,3,4
Japan,5-14 years,female,-4.202002883356392,3.980214324485786,27.09078,-13.619826,6,0
Japan,5-14 years,male,-4.1067748918576585,3.9892569684707766,27.091614,-13.6196995,6,0
Japan,55-74 years,female,1.4988725524980513,4.147111724873732,32.9687,37.828716,6,0
Japan,55-74 years,male,9.663690000187426,4.1073098916763655,61.731537,2.6589568,3,4
Japan,75+ years,female,3.6485476344208085,3.9946346768799623,34.053837,36.65449,6,4
Japan,75+ years,male,9.371132646874456,4.091143305406504,61.251774,2.2476723,3,4
Kazakhstan,15-24 years,female,-0.24273453510359222,-4.547312788486182,-33.683205,-20.978334,8,1
Kazakhstan,15-24 years,male,7.4569491984087035,-4.594310585969782,-14.467338,4.836239,8,3
Kazakhstan,25-34 years,female,-0.6808829762237605,-4.5500572756320965,-33.232594,-21.80319,8,1
Kazakhstan,25-34 years,male,14.648180458351128,-4.837901498605013,61.983753,-19.456354,2,2
Kazakhstan,35-54 years,female,-0.9101115623444246,-4.553428629867329,-32.731243,-22.908043,8,1
Kazakhstan,35-54 years,male,15.277418391912756,-4.757361127675012,60.722687,-20.211437,2,2
Kazakhstan,5-14 years,female,-3.166494245148309,-4.561263045132932,-1.8609813,-57.68588,8,1
Kazakhstan,5-14 years,male,-2.4056450565108687,-4.589113104554148,-7.362383,-54.097515,8,1
Kazakhstan,55-74 years,female,-0.5747860496277807,-4.607044100646948,-29.673023,-23.743223,8,1
Kazakhstan,55-74 years,male,13.994171617120443,-4.976395868049065,59.97718,-21.150295,2,2
Kazakhstan,75+ years,female,1.9201838242786085,-4.570239665601233,-40.84482,0.485882,8,3
Kazakhstan,75+ years,male,13.57516314986284,-4.720364685386912,62.3243,-20.66077,2,2
Kyrgyzstan,15-24 years,female,-1.9305846352988951,-5.591855332043074,-31.85926,-48.874096,8,1
Kyrgyzstan,15-24 years,male,0.8001019812165119,-5.601170403103443,-42.72594,-0.9410981,8,3
Kyrgyzstan,25-34 years,female,-2.3498120492215846,-5.582715028537473,-31.179934,-50.242615,8,1
Kyrgyzstan,25-34 years,male,3.053077906810681,-5.576969681219524,-41.81998,5.4139423,8,3
Kyrgyzstan,35-54 years,female,-2.1703572456922346,-5.579987964256244,-30.977283,-49.745277,8,1
Kyrgyzstan,35-54 years,male,4.233536521274418,-5.603702780713678,-41.67181,6.6929007,8,3
Kyrgyzstan,5-14 years,female,-3.2886647438914274,-5.5706357961960125,-22.70651,-62.317665,8,1
Kyrgyzstan,5-14 years,male,-2.8094938345251363,-5.5742425558500095,-22.196732,-60.960087,8,1
Kyrgyzstan,55-74 years,female,-1.998920002265024,-5.62679507613391,-30.08288,-49.66969,8,1
Kyrgyzstan,55-74 years,male,4.239139198675529,-5.810088110807936,-41.50864,7.1893296,8,3
Kyrgyzstan,75+ years,female,-0.6948747989422647,-5.775424539527041,-40.706146,-27.381266,8,1
Kyrgyzstan,75+ years,male,3.3886821295954515,-5.956656867929042,-43.15766,6.606128,8,3
Luxembourg,15-24 years,female,-2.8934966694954993,13.019011872517998,-71.55761,23.20724,5,5
Luxembourg,15-24 years,male,-0.0014551091599103237,13.166899126648106,-72.77433,20.45064,5,5
Luxembourg,25-34 years,female,-2.359676606575651,13.069389125035304,-70.809875,22.834476,5,5
Luxembourg,25-34 years,male,0.7848844609317859,13.174662202640137,-72.41849,18.68416,5,5
Luxembourg,35-54 years,female,-1.4174340396405287,13.070245130186866,-72.07139,21.581223,5,5
Luxembourg,35-54 years,male,3.2777775804146376,13.16714180035457,-73.14327,16.884314,5,5
Luxembourg,5-14 years,female,-3.5823707490737413,12.989986795306027,-71.46818,24.134932,5,5
Luxembourg,5-14 years,male,-3.6372106044850034,12.981455247725721,-70.92009,24.053757,5,5
Luxembourg,55-74 years,female,-0.4008889945932963,13.143830693995316,-71.81768,19.638517,5,5
Luxembourg,55-74 years,male,4.440537389765732,13.427625741764663,-73.41716,16.188213,5,5
Luxembourg,75+ years,female,-0.5777112471897181,13.168126445645909,-71.29429,19.501259,5,5
Luxembourg,75+ years,male,11.70560065516067,13.842950292052025,-73.785995,15.086706,3,4
Malta,15-24 years,female,-3.1330514315144935,-1.9263969281884914,-48.071033,46.44447,8,1
Malta,15-24 years,male,-1.627292046524484,-1.8872151407757853,-21.068348,28.727402,8,1
Malta,25-34 years,female,-2.7814858825052817,-1.9091769665139615,-49.67254,45.80864,8,1
Malta,25-34 years,male,0.026013056370176986,-1.9135499821847608,-17.170933,24.50119,8,1
Malta,35-54 years,female,-2.6823165181623616,-1.91891601587641,-49.647606,47.799488,8,1
Malta,35-54 years,male,0.8333708069794651,-1.885615316565024,-12.042882,23.883343,8,3
Malta,5-14 years,female,-3.4305811446040457,-1.933764105704409,-47.41914,45.527065,8,1
Malta,5-14 years,male,-3.4484785130016973,-1.934039014074619,-47.236305,44.940617,8,1
Malta,55-74 years,female,-2.82687792346586,-1.9230014187086504,-49.27242,47.436638,8,1
Malta,55-74 years,male,-0.42617601798294596,-1.8929475005703498,-16.239397,24.985413,8,1
Malta,75+ years,female,-3.0406860154365853,-1.9228329609223362,-47.749325,48.211414,8,1
Malta,75+ years,male,-4.1730038524322115,-1.4526021919146086,-11.41365,24.991796,8,3
Mauritius,15-24 years,female,-1.0846123990657324,-4.28542165265905,-36.919403,-25.982086,8,1
Mauritius,15-24 years,male,0.9692445858292046,-4.30790858920708,-43.360783,-3.184722,8,3
Mauritius,25-34 years,female,-1.4189432824620754,-4.308410461487076,-36.592358,-27.110085,8,1
Mauritius,25-34 years,male,3.7536822750563945,-4.264024634965756,-39.400047,4.571168,8,3
Mauritius,35-54 years,female,-2.269182596777462,-4.276103282107041,-8.002789,-50.817062,8,1
Mauritius,35-54 years,male,3.0087078577734037,-4.2771123594626115,-39.417553,4.3089633,8,3
Mauritius,5-14 years,female,-3.239099108082437,-4.263140128770374,1.8894321,-49.44564,8,1
Mauritius,5-14 years,male,-3.4010385377790855,-4.272961243169679,2.4088912,-49.168663,8,1
Mauritius,55-74 years,female,-2.407408869865497,-4.277484059726554,-7.2570467,-49.92748,8,1
Mauritius,55-74 years,male,1.277760792270079,-4.357075162382354,-38.681225,-2.199538,8,3
Mauritius,75+ years,female,-2.673657124116104,-4.335240503447121,-5.955854,-48.754738,8,1
Mauritius,75+ years,male,2.1109747316506033,-5.159782041387732,-41.015617,-3.565071,8,3
Mexico,15-24 years,female,-2.7300015287527852,-3.7194593504404456,21.470778,-44.697548,8,1
Mexico,15-24 years,male,-0.8870742239027342,-3.6770707246268755,-28.488226,-12.768836,8,1
Mexico,25-34 years,female,-3.0520983239063075,-3.7224404511805615,20.813654,-45.531868,8,1
Mexico,25-34 years,male,-0.7337694193587314,-3.6757595369222456,-28.750788,-12.064437,8,1
Mexico,35-54 years,female,-3.1236810372984305,-3.7270428271011777,20.594755,-46.212334,8,1
Mexico,35-54 years,male,-1.0479354930183236,-3.6814729810696507,-27.741243,-12.571992,8,1
Mexico,5-14 years,female,-3.403514583150663,-3.7381577862461635,19.426743,-47.854958,8,1
Mexico,5-14 years,male,-3.3154816714805153,-3.737502454537513,20.018705,-47.317936,8,1
Mexico,55-74 years,female,-3.231714794966936,-3.733545043139344,19.640184,-46.42028,8,1
Mexico,55-74 years,male,-1.0211055349486555,-3.682890440571324,-27.82245,-11.879356,8,1
Mexico,75+ years,female,-3.356296810000165,-3.7391146831133533,18.87309,-47.165165,8,1
Mexico,75+ years,male,0.468250507772223,-3.6873160751888445,-35.933594,-9.608641,8,3
Netherlands,15-24 years,female,-2.6751159997506093,3.7019456360320695,18.261555,2.2591314,6,0
Netherlands,15-24 years,male,-1.255448128504861,3.7120056756336663,22.853237,7.995509,6,0
Netherlands,25-34 years,female,-2.0947343396711045,3.70351720818649,18.41071,2.6397922,6,0
Netherlands,25-34 years,male,0.23133528872284165,3.7295623389672,25.556581,19.131012,6,0
Netherlands,35-54 years,female,-1.1476233824046365,3.713372445180809,22.70798,8.715049,6,0
Netherlands,35-54 years,male,1.8637313543959662,3.778120973726696,36.751793,23.037825,6,0
Netherlands,5-14 years,female,-3.5705913598029912,3.678602440511067,18.685143,-9.917951,6,0
Netherlands,5-14 years,male,-3.5037473710246227,3.6807797989331457,18.694906,-9.869757,6,0
Netherlands,55-74 years,female,-1.0538258221465098,3.721305458182549,23.319336,8.6626,6,0
Netherlands,55-74 years,male,1.2054376006105751,3.78827658808544,36.86227,23.215317,6,0
Netherlands,75+ years,female,-1.3393760364745342,3.712621993590625,21.997581,7.974713,6,0
Netherlands,75+ years,male,3.205402059915978,3.7195580016762473,45.473896,22.90113,6,4
Norway,15-24 years,female,-2.03871518924629,9.476323110441381,-75.43835,-1.9960614,0,5
Norway,15-24 years,male,1.3854679575198934,9.58208568820473,-75.00066,7.8765073,7,5
Norway,25-34 years,female,-1.7048064191924306,9.488230700343744,-74.61621,-1.5460294,0,5
Norway,25-34 years,male,2.0395781938275572,9.563094909621631,-75.650055,8.392591,7,5
Norway,35-54 years,female,-1.1493789743403808,9.49699255604694,-74.76092,-0.597915,0,5
Norway,35-54 years,male,1.9740515977693303,9.55944787566648,-75.682274,9.069788,7,5
Norway,5-14 years,female,-3.6528925345327736,9.436431307754987,-75.71344,-3.9865417,0,5
Norway,5-14 years,male,-3.535074970972464,9.44117474386768,-75.1644,-4.0101986,0,5
Norway,55-74 years,female,-1.3466730366467923,9.497085351796395,-75.512215,-0.9065564,0,5
Norway,55-74 years,male,2.1675638777535915,9.566058069401329,-74.772095,8.8756485,7,5
Norway,75+ years,female,-2.4003361807890133,9.473895423037668,-74.94267,-2.5750585,0,5
Norway,75+ years,male,3.0293798246365022,9.60036894915776,-75.05041,9.847694,7,5
Puerto Rico,15-24 years,female,-3.2227738840251954,-0.6082125480801711,-19.40656,54.10951,8,1
Puerto Rico,15-24 years,male,-1.1007224188022566,-0.588139574075843,-15.205657,35.253048,8,1
Puerto Rico,25-34 years,female,-2.9824898713310692,-0.6079242426291575,-19.53292,55.426254,8,1
Puerto Rico,25-34 years,male,0.7357419398218507,-0.5734953678830629,-8.6031685,30.955282,8,3
Puerto Rico,35-54 years,female,-2.790422537236266,-0.6080871060085038,-19.299139,56.14049,8,1
Puerto Rico,35-54 years,male,2.253563942067711,-0.5591006934259445,-7.309691,29.245867,8,3
Puerto Rico,5-14 years,female,-3.517320994865148,-0.6104446361624413,-19.71739,52.80166,8,1
Puerto Rico,5-14 years,male,-3.4294392973390715,-0.6097838040352447,-19.25774,53.22323,8,1
Puerto Rico,55-74 years,female,-2.7361831047705345,-0.6081301551532114,-19.941174,56.43411,8,1
Puerto Rico,55-74 years,male,2.341238477797793,-0.55553358388876,-7.4448977,28.804068,8,3
Puerto Rico,75+ years,female,-3.217771602182738,-0.6070888066097752,-20.18112,54.037956,8,1
Puerto Rico,75+ years,male,4.260365484766839,-0.5684284812127024,-5.8555074,28.581594,8,3
Republic of Korea,15-24 years,female,-0.8376735514009371,-1.6058071706265056,-15.150382,25.323137,8,1
Republic of Korea,15-24 years,male,-0.028039177593765417,-1.574179148687691,-14.72801,25.059118,8,1
Republic of Korea,25-34 years,female,1.3316888702660667,-1.5962118952203335,-12.319099,22.2166,8,3
Republic of Korea,25-34 years,male,3.704075869654734,-1.5833446798816218,-11.106812,20.078169,8,3
Republic of Korea,35-54 years,female,0.7609639609895236,-1.5789257476595384,-12.453273,22.778597,8,3
Republic of Korea,35-54 years,male,7.484098437531862,-1.651370618187936,-11.973858,-0.32736352,8,3
Republic of Korea,5-14 years,female,-3.286795177174575,-1.6417042374694872,-45.81104,45.126896,8,1
Republic of Korea,5-14 years,male,-3.3066320993393843,-1.6417515514547611,-45.862823,45.130787,8,1
Republic of Korea,55-74 years,female,2.2267864611547052,-1.6015079218311306,-11.716339,21.174433,8,3
Republic of Korea,55-74 years,male,14.904608593756672,-0.9800023706323198,67.410095,-20.232124,1,2
Republic of Korea,75+ years,female,-13.040467697753806,0.6826294008226037,67.48927,-20.236296,1,2
Republic of Korea,75+ years,male,35.78325658454165,-4.11437599470611,60.5029,-14.805141,1,2
Romania,15-24 years,female,-2.9322698693920057,-4.64038050792775,-4.4914103,-59.12578,8,1
Romania,15-24 years,male,-0.5570445518939666,-4.609623475338484,-34.448895,-19.304556,8,1
Romania,25-34 years,female,-2.8471603944243595,-4.642877734790623,-4.772907,-58.79724,8,1
Romania,25-34 years,male,1.2556187386015125,-4.599581226580595,-41.26601,-1.2410191,8,3
Romania,35-54 years,female,-2.147321295433132,-4.630992505833716,-8.819121,-53.167587,8,1
Romania,35-54 years,male,5.427141173063378,-4.5915308742249135,-15.204516,1.9290742,8,3
Romania,5-14 years,female,-3.426219318478469,-4.640029361429279,-3.4868257,-60.96791,8,1
Romania,5-14 years,male,-3.155666299239751,-4.639745428586313,-3.7314725,-60.154892,8,1
Romania,55-74 years,female,-1.61915755429167,-4.62229038621799,-34.459774,-29.140285,8,1
Romania,55-74 years,male,5.472960797066496,-4.581816614894781,-14.968075,0.9832882,8,3
Romania,75+ years,female,-1.460910946224777,-4.627933436229792,-34.68594,-28.907291,8,1
Romania,75+ years,male,5.074035582345389,-4.574458005085746,-15.589197,1.287363,8,3
Russian Federation,15-24 years,female,-1.323879162056643,-4.2912931516238535,-32.984608,-25.143368,8,1
Russian Federation,15-24 years,male,8.858714893813668,-4.366672439261762,-14.52372,5.2524505,8,3
Russian Federation,25-34 years,female,-1.0033428805274431,-4.293197239355849,-32.48243,-24.188055,8,1
Russian Federation,25-34 years,male,15.476673091288207,-4.4547885824900035,60.45835,-19.749872,2,2
Russian Federation,35-54 years,female,-0.6349894022777403,-4.304110632034151,-30.47143,-23.597605,8,1
Russian Federation,35-54 years,male,17.062211621242195,-4.5853980466574376,58.775894,-19.747164,2,2
Russian Federation,5-14 years,female,-3.306036434271448,-4.313058984075087,-1.870491,-57.18112,8,1
Russian Federation,5-14 years,male,-2.8084404122476645,-4.322064351690128,-2.6970603,-56.319958,8,1
Russian Federation,55-74 years,female,0.0025934636145741883,-4.347578507095773,-29.277071,-22.914764,8,1
Russian Federation,55-74 years,male,15.799379485438447,-4.584949463044198,58.996655,-20.431559,2,2
Russian Federation,75+ years,female,3.298962243269867,-4.331789490014007,-40.741013,3.8558013,8,3
Russian Federation,75+ years,male,18.737323803438176,-4.264386631389706,60.66801,-17.485727,2,2
Singapore,15-24 years,female,-2.2769096574601484,5.304584406969483,60.47319,33.638313,6,0
Singapore,15-24 years,male,-1.5156806403856358,5.33172803828725,58.89782,33.87243,6,0
Singapore,25-34 years,female,-2.106436157295735,5.304687548889032,59.994934,34.068905,6,0
Singapore,25-34 years,male,-0.2459208057051518,5.300914161332196,56.747604,32.83665,6,0
Singapore,35-54 years,female,-1.575176047169869,5.31108838557053,59.334095,33.29837,6,0
Singapore,35-54 years,male,0.43925548950125065,5.283966813333781,55.92921,32.32538,6,0
Singapore,5-14 years,female,-3.904282550868785,5.111781136475884,62.74839,34.172882,6,0
Singapore,5-14 years,male,-3.8699764458973687,5.119727844478838,62.687893,34.17284,6,0
Singapore,55-74 years,female,-0.5956925274646572,5.325648601563912,57.463993,32.963337,6,0
Singapore,55-74 years,male,2.199543963196097,5.346042312148646,54.699093,31.62659,6,4
Singapore,75+ years,female,3.8344404025796512,5.518694236292768,47.597652,23.38615,6,4
Singapore,75+ years,male,12.273256552436571,5.46221167735616,57.439228,-1.3906991,4,4
Spain,15-24 years,female,-3.0474124373222415,-0.13755677576050182,-17.310324,42.088993,8,0
Spain,15-24 years,male,-1.8054937469355625,-0.12790338204746277,-15.500825,37.666306,8,0
Spain,25-34 years,female,-2.799184557590435,-0.13809065037562646,-17.022444,41.392933,8,0
Spain,25-34 years,male,-0.6959767510069857,-0.11533218039550952,-14.287067,35.8981,8,0
Spain,35-54 years,female,-2.328278235192005,-0.13734789097302533,-16.299242,39.558826,8,0
Spain,35-54 years,male,0.21295325311031366,-0.10447935760670012,-10.40039,30.30524,8,0
Spain,5-14 years,female,-3.5078922957206222,-0.140688084260059,-17.931713,43.289463,8,0
Spain,5-14 years,male,-3.4766814270975996,-0.140385753297271,-17.755404,43.22559,8,0
Spain,55-74 years,female,-1.8960623478175254,-0.13162458099815547,-15.749636,38.23101,8,0
Spain,55-74 years,male,1.2552687982614912,-0.08169048362770942,-9.335004,30.191877,8,3
Spain,75+ years,female,-1.4267580550567045,-0.12152833800496696,-15.007518,36.818836,8,0
Spain,75+ years,male,7.159784907782349,-0.0644317057968806,50.501915,11.705864,6,4
Sweden,15-24 years,female,-1.9281025770936677,4.363503215115406,25.334894,3.919022,6,0
Sweden,15-24 years,male,0.05087352996198507,4.433113729897537,29.423935,8.923383,6,0
Sweden,25-34 years,female,-1.7801247168213052,4.367002262488655,25.374968,3.9792547,6,0
Sweden,25-34 years,male,1.2425276506605845,4.4466106658242985,37.736885,23.894762,6,0
Sweden,35-54 years,female,-0.7287989524498737,4.386317778143952,28.361628,7.838361,6,0
Sweden,35-54 years,male,2.963104566171711,4.369855509360587,45.57459,24.038925,6,4
Sweden,5-14 years,female,-3.503708693793504,4.337408091927227,21.327,-9.658328,6,0
Sweden,5-14 years,male,-3.522663454422685,4.336799800713255,21.318766,-9.660697,6,0
Sweden,55-74 years,female,-0.7480883164654588,4.377935237107479,28.742033,7.5232882,6,0
Sweden,55-74 years,male,3.6367759339049717,4.3671919809492366,45.714893,23.936586,6,4
Sweden,75+ years,female,-0.8223372542268895,4.393300950883166,28.196077,7.1375523,6,0
Sweden,75+ years,male,6.4762283847901285,4.459171924892225,57.56587,6.2690096,6,4
Turkmenistan,15-24 years,female,-1.6749374945932975,-5.180602857390071,-34.23913,-30.855762,8,1
Turkmenistan,15-24 years,male,0.5745185495334977,-5.408708297871337,-24.659481,-23.759861,8,3
Turkmenistan,25-34 years,female,-2.379409670271191,-5.1474186246952005,-13.125762,-53.368473,8,1
Turkmenistan,25-34 years,male,1.562189879526524,-5.668318996542427,-23.456663,-23.582224,8,3
Turkmenistan,35-54 years,female,-2.9086569638479367,-5.143799162472345,-15.490237,-54.103264,8,1
Turkmenistan,35-54 years,male,1.3653765093677557,-5.522709337013823,-23.960981,-23.662395,8,3
Turkmenistan,5-14 years,female,-3.3917835555143894,-5.124275483425854,-18.069395,-56.10921,8,1
Turkmenistan,5-14 years,male,-3.206612908494005,-5.134314166730383,-17.874067,-55.94819,8,1
Turkmenistan,55-74 years,female,-2.7805139213433447,-5.156100781790647,-15.181812,-53.783047,8,1
Turkmenistan,55-74 years,male,-0.43664681782840853,-5.424578182811812,-27.658655,-24.16656,8,1
Turkmenistan,75+ years,female,-2.419546609591828,-5.348216975092917,-15.3162565,-52.465744,8,1
Turkmenistan,75+ years,male,-1.2878819416106901,-5.409726974007579,-34.05061,-31.985405,8,1
United Kingdom,15-24 years,female,-2.992267032113082,3.0291038962160544,24.19116,-23.695423,6,0
United Kingdom,15-24 years,male,-1.1387760972776078,3.0429539247666093,31.101917,16.460016,6,0
United Kingdom,25-34 years,female,-2.6356295267708516,3.031910625435964,25.220095,-24.221521,6,0
United Kingdom,25-34 years,male,0.760564054411207,3.058791722075079,32.50934,19.299578,6,0
United Kingdom,35-54 years,female,-2.339898654361449,3.0372640918169727,25.874481,-25.082876,6,0
United Kingdom,35-54 years,male,1.2468364399776701,3.062861990929551,33.199947,20.164688,6,0
United Kingdom,5-14 years,female,-3.6693693968828014,3.0037693655567907,22.629284,-21.839201,6,0
United Kingdom,5-14 years,male,-3.6596638275591,3.0040231128745574,22.63849,-21.851828,6,0
United Kingdom,55-74 years,female,-2.5934694965182494,3.032996760597201,25.047283,-25.046364,6,0
United Kingdom,55-74 years,male,-0.4149631887884071,3.0627840820025543,31.43637,17.242271,6,0
United Kingdom,75+ years,female,-2.6311165277882154,3.0333584051189457,24.416319,-24.8109,6,0
United Kingdom,75+ years,male,-0.05408955673336732,3.0499984677924843,31.756668,17.950283,6,0
United States,15-24 years,female,-2.7566918348571616,4.883956335066977,34.79772,-11.123079,6,0
United States,15-24 years,male,1.3016665367567235,4.9618114699195965,40.02664,25.881935,6,0
United States,25-34 years,female,-2.291032242918631,4.893882862603588,35.72168,-10.560501,6,0
United States,25-34 years,male,2.6355767987273984,4.988943757605972,41.465797,27.038961,6,4
United States,35-54 years,female,-1.4378444600530946,4.943243715386234,36.835087,-9.72235,6,0
United States,35-54 years,male,3.5913220588703925,4.966991974693508,41.793465,28.29502,6,4
United States,5-14 years,female,-3.653974245621392,4.8600818542305015,33.1496,-12.243961,6,0
United States,5-14 years,male,-3.482595862624656,4.870224016007339,33.46193,-12.121989,6,0
United States,55-74 years,female,-2.059032292423982,4.914746112744658,36.427696,-10.408082,6,0
United States,55-74 years,male,3.445928996630832,4.986121541545453,41.561676,27.966148,6,4
United States,75+ years,female,-2.636146175042774,4.878540673777624,35.33784,-11.504452,6,0
United States,75+ years,male,7.445832161275087,5.007719325792897,58.346252,6.280007,6,4
